model,family,caption_n,object_count,association_count,attribute_count,relation_count,EOH_count,EOH_n,EOH_FAR_percent,ROH_count,ROH_n,ROH_FAR_percent
Qwen3-VL-8B,general,500,21,80,26,10,101,1000,10.1,36,1000,3.6
qwen2.5-vl-7b,general,500,19,67,24,10,86,1000,8.6,34,1000,3.4
InternVL3.5-8B,general,500,19,62,19,12,81,1000,8.1,31,1000,3.1
llava-ov-7b,general,500,9,32,7,8,41,1000,4.1,15,1000,1.5
LENS,RL,500,22,55,21,4,77,1000,7.7,25,1000,2.5
Orsta-7B,RL,500,20,67,24,8,87,1000,8.7,32,1000,3.2
Seg-R1,RL,500,21,76,26,9,97,1000,9.7,35,1000,3.5
Seg-zero,RL,500,23,69,24,12,92,1000,9.2,36,1000,3.6
TreeVGR,RL,500,18,71,25,7,89,1000,8.9,32,1000,3.2
UniVG-R1,RL,500,22,56,13,13,78,1000,7.8,26,1000,2.6
Vision-R1,RL,500,21,68,22,8,89,1000,8.9,30,1000,3.0
VisionReasoner,RL,500,21,66,21,14,87,1000,8.7,35,1000,3.5
visual-rft,RL,500,19,71,23,14,90,1000,9.0,37,1000,3.7
